 População Residente - Estudo de Estimativas Populacionais por Município, Idade e Sexo 2000-2020 - Brasil
População residente por Município e Ano
Unidade da Federação: Santa Catarina
Período:2008-2020
"Município";"2008";"2009";"2010";"2011";"2012";"2013";"2014";"2015";"2016";"2017";"2018";"2019";"2020"
"420005 Abdon Batista";2725;2711;2697;2682;2668;2653;2638;2623;2607;2592;2577;2563;2548
"420010 Abelardo Luz";17277;17332;17386;17442;17500;17557;17614;17673;17731;17789;17847;17904;17960
"420020 Agrolândia";9188;9334;9479;9630;9782;9935;10088;10245;10402;10557;10711;10864;11013
"420030 Agronômica";4863;4925;4986;5050;5096;5161;5226;5293;5358;5423;5385;5448;5509
"420040 Água Doce";7064;7071;7078;7085;7093;7100;7108;7115;7123;7130;7138;7145;7152
"420050 Águas de Chapecó";6155;6183;6212;6242;6272;6302;6332;6363;6394;6425;6455;6486;6515
"420055 Águas Frias";2489;2477;2465;2453;2440;2428;2416;2403;2390;2378;2378;2366;2354
"420060 Águas Mornas";5467;5555;5641;5731;5822;5914;6005;6099;6193;6285;6378;6469;6559
"420070 Alfredo Wagner";9470;9519;9568;9619;9671;9722;9774;9827;9880;9932;9984;10036;10086
"420075 Alto Bela Vista";2060;2050;2039;2028;2017;2006;1994;1983;1971;1960;1948;1937;1926
"420080 Anchieta";6647;6567;6487;6404;6224;6141;6059;5973;5888;5804;5721;5638;5557
"420090 Angelina";5451;5394;5338;5280;5220;5161;5102;5041;4980;4920;4860;4801;4743
"420100 Anita Garibaldi";9110;8938;8767;8589;8409;8229;8048;7863;7678;7495;7313;7133;6957
"420110 Anitápolis";3276;3272;3268;3264;3259;3255;3250;3246;3241;3237;3236;3232;3228
"420120 Antônio Carlos";7388;7486;7583;7684;7787;7889;7992;8098;8203;8307;8411;8513;8613
"420125 Apiúna";9557;9660;9761;9867;9974;10080;10188;10298;10408;10516;10636;10743;10848
"420127 Arabutã";4262;4263;4263;4263;4264;4264;4265;4265;4265;4266;4266;4267;4267
"420130 Araquari";22516;23878;25225;26630;28053;29472;30902;32367;33825;35267;36710;38129;39524
"420140 Araranguá";61096;61720;62337;62981;63632;64282;64937;65608;66277;66937;67578;68228;68867
"420150 Armazém";7717;7800;7883;7969;8056;8143;8231;8321;8410;8498;8587;8674;8759
"420160 Arroio Trinta";3563;3562;3561;3560;3559;3557;3556;3555;3554;3552;3551;3550;3549
"420165 Arvoredo";2310;2304;2298;2292;2285;2279;2273;2266;2259;2253;2246;2240;2234
"420170 Ascurra";7450;7493;7536;7580;7625;7670;7715;7762;7808;7854;7889;7934;7978
"420180 Atalanta";3385;3370;3355;3339;3323;3307;3291;3275;3259;3242;3226;3210;3195
"420190 Aurora";5635;5638;5642;5646;5650;5654;5658;5662;5666;5670;5676;5679;5683
"420195 Balneário Arroio do Silva";9049;9400;9747;10109;10475;10841;11209;11587;11962;12334;12705;13071;13430
"420205 Balneário Barra do Sul";8104;8339;8571;8813;9058;9303;9549;9802;10053;10302;10550;10795;11035
"420200 Balneário Camboriú";103099;106516;109899;113427;116999;120560;124151;127828;131491;135110;138732;142295;145796
"420207 Balneário Gaivota";7825;8100;8372;8656;8943;9230;9519;9815;10109;10401;10692;10979;11260
"421280 Balneário Piçarras";16150;16760;17364;17994;18631;19267;19908;20565;21218;21864;22511;23147;23772
"422000 Balneário Rincão";-;-;-;-;-;11601;11792;11988;12184;12376;12570;12760;12946
"420208 Bandeirante";3013;2984;2955;2925;2894;2864;2833;2802;2770;2739;2708;2678;2648
"420209 Barra Bonita";1960;1934;1909;1883;1867;1840;1813;1785;1758;1732;1704;1677;1651
"420210 Barra Velha";21416;22092;22761;23459;24165;24869;25579;26307;27031;27747;28463;29168;29860
"420213 Bela Vista do Toldo";6056;6081;6105;6130;6156;6181;6207;6233;6259;6285;6311;6337;6362
"420215 Belmonte";2673;2676;2679;2682;2685;2688;2691;2694;2697;2700;2703;2706;2709
"420220 Benedito Novo";10270;10390;10509;10633;10759;10884;11011;11140;11269;11397;11526;11652;11775
"420230 Biguaçu";57229;58210;59181;60194;61219;62242;63272;64328;65379;66419;67458;68481;69486
"420240 Blumenau";305139;309686;314185;318879;323629;328367;333143;338035;342906;347721;352460;357199;361855
"420243 Bocaina do Sul";3318;3332;3345;3359;3373;3387;3402;3416;3431;3445;3460;3474;3488
"420250 Bom Jardim da Serra";4412;4440;4469;4499;4529;4559;4589;4620;4651;4682;4712;4743;4772
"420253 Bom Jesus";2475;2522;2568;2616;2665;2713;2762;2812;2862;2912;2961;3010;3057
"420257 Bom Jesus do Oeste";2174;2171;2168;2165;2161;2158;2154;2151;2147;2144;2146;2142;2139
"420260 Bom Retiro";8909;9001;9092;9187;9284;9380;9476;9576;9674;9772;9870;9966;10060
"420245 Bombinhas";13433;13985;14532;15102;15680;16255;16836;17430;18022;18607;19193;19769;20335
"420270 Botuverá";4396;4470;4543;4619;4697;4774;4851;4931;5010;5089;5169;5246;5322
"420280 Braço do Norte";28676;29092;29504;29934;30369;30802;31239;31687;32133;32574;33016;33450;33876
"420285 Braço do Trombudo";3466;3490;3515;3541;3567;3592;3619;3645;3672;3698;3718;3743;3769
"420287 Brunópolis";2998;2948;2898;2846;2793;2741;2688;2633;2579;2526;2473;2420;2368
"420290 Brusque";101506;104402;107269;110259;113285;116304;119346;122463;125566;128633;131703;134723;137689
"420300 Caçador";70552;71253;71947;72671;73404;74135;74871;75626;76378;77120;77863;78595;79313
"420310 Caibi";6359;6341;6323;6304;6286;6267;6248;6229;6210;6191;6167;6148;6130
"420315 Calmon";3465;3454;3444;3433;3423;3412;3401;3390;3379;3368;3357;3346;3335
"420320 Camboriú";59294;61360;63405;65538;67697;69850;72020;74243;76457;78645;80834;82989;85105
"420330 Campo Alegre";11938;11942;11945;11949;11952;11956;11959;11963;11967;11970;11974;11978;11981
"420340 Campo Belo do Sul";7732;7670;7608;7544;7478;7413;7348;7280;7213;7147;7081;7016;6952
"420350 Campo Erê";9737;9632;9527;9418;9308;9198;9087;8973;8860;8748;8636;8526;8418
"420360 Campos Novos";32769;33073;33374;33688;34005;34322;34641;34968;35294;35616;35930;36244;36556
"420370 Canelinha";10475;10629;10781;10940;11101;11261;11423;11589;11754;11917;12080;12240;12398
"420380 Canoinhas";53493;53571;53648;53728;53810;53891;53972;54056;54140;54222;54319;54401;54480
"420325 Capão Alto";2856;2828;2799;2769;2739;2709;2679;2648;2617;2586;2556;2525;2496
"420390 Capinzal";20754;20936;21117;21306;21496;21687;21879;22075;22271;22464;22658;22848;23035
"420395 Capivari de Baixo";21442;21741;22037;22346;22658;22970;23284;23605;23926;24242;24559;24871;25177
"420400 Catanduvas";9475;9595;9715;9840;9966;10092;10219;10349;10479;10607;10735;10861;10984
"420410 Caxambu do Sul";4662;4573;4485;4393;4300;4208;4114;4018;3923;3829;3735;3642;3551
"420415 Celso Ramos";2836;2826;2817;2807;2798;2788;2778;2768;2758;2748;2738;2728;2719
"420417 Cerro Negro";3750;3695;3641;3585;3528;3471;3413;3355;3296;3238;3181;3124;3068
"420419 Chapadão do Lageado";2772;2790;2808;2827;2846;2865;2884;2904;2924;2943;2969;2988;3006
"420420 Chapecó";179520;183079;186603;190279;193998;197708;201448;205279;209094;212864;216654;220367;224013
"420425 Cocal do Sul";15146;15280;15413;15551;15691;15831;15972;16116;16260;16402;16544;16684;16821
"420430 Concórdia";68748;69262;69770;70300;70837;71372;71911;72464;73014;73558;74106;74641;75167
"420435 Cordilheira Alta";3700;3765;3830;3897;3966;4034;4102;4173;4243;4312;4385;4453;4520
"420440 Coronel Freitas";10463;10423;10384;10343;10302;10261;10219;10177;10134;10093;10022;9981;9940
"420445 Coronel Martins";2488;2494;2499;2504;2510;2516;2521;2527;2533;2538;2544;2549;2555
"420455 Correia Pinto";15503;15267;15033;14789;14542;14296;14048;13794;13541;13291;13040;12795;12553
"420450 Corupá";13701;13893;14084;14283;14484;14685;14887;15094;15301;15504;15709;15909;16107
"420460 Criciúma";191401;193475;195528;197669;199837;201998;204177;206409;208632;210828;213023;215186;217311
"420470 Cunha Porã";10728;10760;10791;10823;10856;10889;10922;10956;10990;11023;11053;11086;11118
"420475 Cunhataí";1904;1909;1914;1919;1924;1929;1934;1939;1944;1950;1957;1962;1967
"420480 Curitibanos";38093;38237;38380;38529;38679;38829;38980;39135;39290;39442;39595;39745;39893
"420490 Descanso";8890;8834;8779;8721;8663;8605;8546;8486;8426;8367;8308;8250;8192
"420500 Dionísio Cerqueira";14967;15013;15059;15107;15155;15203;15252;15302;15351;15400;15450;15498;15545
"420510 Dona Emma";3706;3744;3783;3823;3864;3904;3945;3987;4029;4070;4105;4146;4186
"420515 Doutor Pedrinho";3564;3614;3664;3716;3768;3820;3873;3927;3981;4034;4013;4064;4115
"420517 Entre Rios";3041;3055;3069;3084;3098;3113;3128;3143;3159;3174;3189;3203;3218
"420519 Ermo";2088;2086;2084;2082;2079;2077;2075;2073;2070;2068;2066;2063;2061
"420520 Erval Velho";4414;4420;4425;4431;4436;4442;4448;4453;4459;4465;4407;4412;4418
"420530 Faxinal dos Guedes";10875;10857;10839;10820;10801;10782;10763;10744;10725;10705;10686;10667;10649
"420535 Flor do Sertão";1622;1618;1615;1611;1608;1604;1601;1597;1593;1590;1586;1582;1579
"420540 Florianópolis";413037;420704;428293;436209;444221;452211;460266;468517;476732;484852;492977;500973;508826
"420543 Formosa do Sul";2673;2659;2645;2630;2615;2600;2585;2570;2555;2540;2525;2510;2495
"420545 Forquilhinha";22114;22522;22926;23347;23774;24199;24627;25066;25503;25936;26368;26793;27211
"420550 Fraiburgo";34857;34995;35132;35274;35419;35562;35707;35856;36004;36150;36299;36443;36584
"420555 Frei Rogério";2618;2566;2515;2461;2407;2353;2299;2243;2187;2132;2077;2023;1970
"420560 Galvão";3688;3609;3530;3448;3461;3378;3295;3210;3124;3040;2956;2873;2791
"420570 Garopaba";17469;17958;18442;18947;19458;19968;20481;21008;21532;22050;22568;23078;23579
"420580 Garuva";14349;14680;15008;15350;15696;16040;16388;16744;17099;17449;17800;18145;18484
"420590 Gaspar";56711;57837;58952;60115;61292;62466;63649;64861;66068;67261;68465;69639;70793
"420600 Governador Celso Ramos";12954;13086;13217;13354;13492;13630;13769;13911;14053;14193;14333;14471;14606
"420610 Grão Pará";6276;6302;6327;6353;6380;6407;6433;6461;6488;6515;6542;6569;6595
"420620 Gravatal";10665;10739;10813;10890;10968;11045;11124;11204;11283;11362;11423;11501;11577
"420630 Guabiruba";17670;18207;18739;19294;19855;20415;20980;21558;22134;22703;23272;23832;24382
"420640 Guaraciaba";10797;10735;10674;10610;10546;10482;10417;10351;10284;10219;10154;10090;10026
"420650 Guaramirim";33860;34815;35761;36747;37746;38742;39746;40774;41798;42810;43822;44819;45797
"420660 Guarujá do Sul";4954;4972;4990;5009;5027;5046;5065;5084;5103;5122;5141;5160;5178
"420665 Guatambú";4768;4763;4757;4751;4745;4739;4734;4728;4722;4716;4710;4704;4698
"420670 Herval d'Oeste";21384;21490;21595;21704;21815;21925;22037;22150;22264;22376;22495;22606;22714
"420675 Ibiam";1983;1980;1978;1976;1973;1971;1969;1966;1964;1961;1959;1957;1954
"420680 Ibicaré";3477;3453;3429;3404;3379;3354;3329;3303;3278;3252;3227;3202;3178
"420690 Ibirama";17337;17479;17620;17767;17915;18063;18212;18365;18517;18668;18802;18950;19096
"420700 Içara";57853;58840;59818;60838;61870;51298;52145;53012;53874;54728;55581;56421;57247
"420710 Ilhota";12222;12393;12562;12739;12917;13096;13275;13460;13643;13824;14005;14184;14359
"420720 Imaruí";12231;12048;11867;11678;11487;11297;11105;10908;10712;10518;10326;10135;9948
"420730 Imbituba";40001;40424;40843;41280;41722;42163;42607;43062;43516;43964;44412;44853;45286
"420740 Imbuia";5718;5761;5803;5847;5891;5936;5980;6026;6072;6117;6153;6197;6241
"420750 Indaial";52906;54346;55772;57259;58764;60265;61778;63328;64872;66397;67923;69425;70900
"420757 Iomerê";2751;2768;2785;2802;2820;2838;2855;2873;2891;2909;2927;2945;2962
"420760 Ipira";4910;4871;4832;4792;4751;4710;4669;4627;4586;4544;4486;4446;4406
"420765 Iporã do Oeste";8455;8503;8550;8599;8649;8699;8750;8801;8852;8903;8945;8996;9045
"420768 Ipuaçu";6786;6849;6912;6978;7044;7110;7177;7245;7313;7381;7448;7514;7579
"420770 Ipumirim";7288;7315;7341;7368;7396;7424;7452;7481;7509;7537;7565;7593;7620
"420775 Iraceminha";4398;4361;4324;4286;4247;4208;4169;4129;4089;4050;4015;3976;3938
"420780 Irani";9538;9615;9691;9770;9851;9931;10011;10094;10176;10258;10339;10419;10498
"420785 Irati";2173;2152;2131;2109;2087;2065;2043;2020;1997;1975;1952;1930;1909
"420790 Irineópolis";10494;10559;10623;10690;10758;10825;10893;10963;11032;11101;11155;11222;11289
"420800 Itá";6611;6572;6534;6494;6454;6414;6373;6332;6291;6250;6209;6169;6129
"420810 Itaiópolis";20425;20534;20641;20753;20866;20979;21093;21210;21326;21441;21556;21669;21780
"420820 Itajaí";179497;182988;186443;190047;193695;197334;201001;204758;208499;212196;215895;219536;223112
"420830 Itapema";42629;44606;46564;48606;50673;52734;54812;56940;59059;61154;63250;65312;67338
"420840 Itapiranga";15405;15537;15667;15803;15940;16078;16216;16357;16498;16638;16736;16872;17007
"420845 Itapoá";13842;14429;15010;15616;16230;16842;17458;18090;18719;19341;19963;20576;21177
"420850 Ituporanga";22100;22363;22623;22894;23169;23443;23719;24002;24283;24562;24812;25086;25355
"420860 Jaborá";4145;4127;4109;4090;4071;4052;4033;4013;3994;3975;3955;3936;3918
"420870 Jacinto Machado";10865;10826;10787;10747;10706;10665;10624;10582;10541;10499;10457;10416;10376
"420880 Jaguaruna";17066;17324;17579;17845;18115;18384;18655;18932;19209;19482;19755;20024;20288
"420890 Jaraguá do Sul";138767;142160;145519;149022;152568;156105;159670;163321;166958;170551;174158;177697;181173
"420895 Jardinópolis";1844;1820;1796;1771;1746;1721;1695;1669;1644;1618;1595;1570;1546
"420900 Joaçaba";26917;27196;27472;27760;28052;28343;28636;28936;29236;29531;29827;30118;30404
"420910 Joinville";509931;516953;523903;531153;538491;545808;553186;560742;568266;575703;583144;590466;597658
"420915 José Boiteux";4781;4791;4800;4810;4820;4830;4840;4850;4860;4870;4985;4997;5007
"420917 Jupiá";2201;2193;2184;2175;2166;2157;2147;2138;2129;2119;2110;2101;2092
"420920 Lacerdópolis";2234;2235;2236;2237;2238;2239;2241;2242;2243;2244;2245;2246;2247
"420930 Lages";159730;159540;159351;159154;158955;158756;158556;158351;158147;157945;157743;157544;157349
"420940 Laguna";51695;52062;52425;52804;53188;43901;44217;44541;44863;45181;45500;45814;46122
"420945 Lajeado Grande";1533;1524;1515;1505;1496;1486;1476;1466;1457;1447;1437;1427;1418
"420950 Laurentino";5924;6015;6105;6199;6294;6389;6484;6582;6679;6776;6875;6970;7063
"420960 Lauro Muller";14475;14542;14608;14677;14747;14817;14888;14960;15032;15103;15174;15244;15313
"420970 Lebon Régis";12021;12029;12036;12044;12052;12059;12067;12075;12083;12091;12099;12107;12115
"420980 Leoberto Leal";3501;3461;3421;3380;3338;3296;3254;3211;3168;3125;3083;3041;3000
"420985 Lindóia do Sul";4753;4736;4720;4703;4686;4668;4651;4633;4615;4598;4580;4563;4546
"420990 Lontras";10056;10237;10416;10603;10792;10980;11170;11365;11559;11750;11942;12130;12315
"421000 Luiz Alves";10133;10374;10613;10862;11114;11366;11619;11879;12138;12393;12609;12859;13107
"421003 Luzerna";5696;5695;5694;5693;5692;5691;5690;5689;5688;5687;5686;5685;5684
"421005 Macieira";1874;1866;1857;1848;1839;1830;1821;1812;1802;1793;1784;1775;1766
"421010 Mafra";53275;53538;53798;54070;54345;54619;54895;55178;55460;55739;56017;56292;56561
"421020 Major Gercino";3311;3323;3334;3346;3358;3370;3382;3394;3406;3418;3430;3442;3454
"421030 Major Vieira";7499;7552;7604;7658;7713;7768;7823;7880;7936;7992;8048;8103;8156
"421040 Maracajá";6347;6429;6511;6596;6682;6768;6855;6944;7032;7120;7207;7293;7378
"421050 Maravilha";21783;22129;22471;22828;23189;23549;23913;24285;24655;25021;25403;25762;26116
"421055 Marema";2333;2286;2240;2192;2143;2094;2045;1995;1945;1896;1846;1797;1750
"421060 Massaranduba";14516;14719;14920;15129;15341;15553;15766;15984;16201;16416;16704;16916;17125
"421070 Matos Costa";2964;2925;2887;2847;2807;2766;2726;2684;2642;2601;2560;2520;2480
"421080 Meleiro";7143;7130;7117;7104;7090;7077;7063;7049;7035;7022;7028;7015;7001
"421085 Mirim Doce";2607;2581;2555;2528;2501;2474;2447;2419;2391;2364;2336;2309;2283
"421090 Modelo";4095;4104;4113;4122;4131;4141;4150;4160;4169;4178;4200;4209;4218
"421100 Mondaí";10114;10259;10402;10551;10702;10853;11005;11160;11315;11468;11592;11742;11889
"421105 Monte Carlo";9390;9429;9468;9508;9549;9590;9631;9673;9714;9756;9824;9866;9906
"421110 Monte Castelo";8498;8492;8486;8480;8473;8467;8461;8454;8447;8441;8280;8275;8269
"421120 Morro da Fumaça";16102;16250;16396;16548;16703;16857;17012;17171;17329;17485;17642;17796;17947
"421125 Morro Grande";2947;2943;2938;2933;2928;2923;2918;2913;2908;2903;2898;2893;2888
"421130 Navegantes";57392;59492;61570;63738;65932;68121;70327;72586;74836;77060;79285;81475;83626
"421140 Nova Erechim";4206;4277;4347;4420;4494;4568;4643;4719;4795;4870;4945;5019;5092
"421145 Nova Itaberaba";4342;4340;4338;4336;4334;4332;4330;4328;4326;4324;4333;4331;4329
"421150 Nova Trento";11942;12169;12394;12629;12866;13103;13342;13587;13830;14071;14312;14549;14782
"421160 Nova Veneza";13190;13362;13532;13710;13889;14069;14250;14435;14619;14801;14987;15166;15342
"421165 Novo Horizonte";2870;2833;2796;2757;2718;2680;2640;2600;2560;2521;2481;2442;2404
"421170 Orleans";21507;21630;21751;21878;22006;22133;22262;22394;22525;22655;22785;22912;23038
"421175 Otacílio Costa";16163;16388;16611;16843;17079;17313;17550;17792;18033;18271;18510;18744;18975
"421180 Ouro";7538;7516;7495;7473;7450;7428;7405;7382;7359;7336;7317;7295;7272
"421185 Ouro Verde";2328;2319;2309;2299;2289;2279;2268;2258;2247;2237;2227;2217;2207
"421187 Paial";1853;1823;1793;1762;1730;1698;1666;1634;1601;1569;1537;1505;1474
"421189 Painel";2399;2395;2392;2388;2385;2381;2378;2374;2370;2367;2363;2359;2356
"421190 Palhoça";132882;136275;139633;143136;146682;150218;153783;157434;161070;164663;168259;171797;175272
"421200 Palma Sola";7994;7944;7895;7844;7791;7740;7687;7634;7580;7527;7475;7423;7372
"421205 Palmeira";2368;2391;2413;2436;2460;2483;2507;2531;2555;2579;2603;2627;2650
"421210 Palmitos";16313;16300;16288;16275;16262;16249;16236;16222;16209;16196;16182;16169;16157
"421220 Papanduva";18031;18130;18228;18330;18434;18537;18641;18748;18854;18959;19218;19320;19422
"421223 Paraíso";4297;4222;4148;4071;3992;3914;3835;3754;3674;3594;3515;3437;3360
"421225 Passo de Torres";6300;6520;6738;6965;7195;7424;7655;7892;8128;8360;8594;8823;9048
"421227 Passos Maia";4573;4536;4499;4461;4422;4383;4344;4304;4264;4225;4186;4147;4109
"421230 Paulo Lopes";6659;6732;6804;6879;6955;7031;7108;7186;7264;7341;7418;7494;7569
"421240 Pedras Grandes";4221;4198;4176;4153;4129;4106;4082;4058;4034;4010;4000;3976;3953
"421250 Penha";24099;24834;25562;26321;27089;27855;28628;29419;30207;30985;31764;32531;33284
"421260 Peritiba";3091;3064;3038;3011;2983;2955;2928;2899;2871;2843;2814;2787;2760
"421265 Pescaria Brava";-;-;-;-;-;9669;9739;9810;9881;9952;10022;10091;10159
"421270 Petrolândia";6297;6266;6234;6201;6168;6134;6101;6067;6032;5999;5971;5937;5905
"421290 Pinhalzinho";15830;16219;16605;17007;17414;17820;18229;18649;19066;19479;19906;20313;20712
"421300 Pinheiro Preto";3120;3160;3200;3241;3262;3303;3345;3388;3430;3472;3513;3555;3596
"421310 Piratuba";5078;4972;4866;4756;4644;4533;4421;4306;4191;4078;3965;3854;3745
"421315 Planalto Alegre";2661;2680;2698;2717;2736;2756;2775;2795;2815;2835;2850;2870;2888
"421320 Pomerode";27132;27681;28224;28791;29364;29936;30512;31103;31691;32272;32874;33447;34010
"421330 Ponte Alta";5038;5007;4976;4944;4912;4879;4847;4813;4780;4747;4714;4682;4650
"421335 Ponte Alta do Norte";3346;3352;3358;3364;3370;3376;3383;3389;3395;3402;3408;3414;3420
"421340 Ponte Serrada";11137;11177;11216;11257;11299;11340;11382;11425;11467;11510;11552;11593;11634
"421350 Porto Belo";15295;15826;16352;16901;17456;18009;18568;19139;19709;20271;20834;21388;21932
"421360 Porto União";33772;33914;34054;34200;34348;34496;34645;34798;34949;35100;35250;35398;35543
"421370 Pouso Redondo";14555;14808;15058;15319;15583;15846;16112;16383;16654;16922;17189;17453;17712
"421380 Praia Grande";7403;7396;7389;7382;7375;7367;7360;7353;7345;7338;7326;7319;7312
"421390 Presidente Castello Branco";1795;1774;1754;1733;1711;1690;1669;1647;1625;1603;1590;1568;1547
"421400 Presidente Getúlio";14644;14891;15136;15391;15650;15907;16167;16433;16698;16960;17215;17471;17726
"421410 Presidente Nereu";2329;2326;2322;2318;2314;2310;2306;2302;2298;2294;2290;2287;2283
"421415 Princesa";2779;2791;2804;2817;2830;2844;2857;2871;2884;2898;2911;2924;2937
"421420 Quilombo";10532;10476;10420;10362;10303;10245;10185;10125;10065;10005;9946;9887;9829
"421430 Rancho Queimado";2776;2785;2794;2804;2813;2823;2833;2843;2852;2862;2868;2878;2887
"421440 Rio das Antas";6252;6249;6246;6243;6240;6237;6234;6231;6228;6225;6208;6205;6202
"421450 Rio do Campo";6371;6333;6296;6257;6218;6179;6140;6099;6059;6019;5979;5940;5902
"421460 Rio do Oeste";7146;7178;7209;7241;7274;7307;7340;7374;7408;7441;7456;7489;7520
"421480 Rio do Sul";60391;61312;62223;63173;64153;65113;66080;67070;68058;69033;70100;71061;72006
"421470 Rio dos Cedros";10200;10329;10456;10589;10723;10857;10992;11130;11268;11404;11542;11676;11808
"421490 Rio Fortuna";4501;4511;4520;4530;4540;4550;4560;4570;4580;4590;4601;4611;4620
"421500 Rio Negrinho";40139;40327;40513;40707;40904;41100;41298;41500;41702;41901;42106;42302;42495
"421505 Rio Rufino";2476;2476;2477;2478;2478;2479;2479;2480;2481;2481;2482;2483;2483
"421507 Riqueza";4992;4955;4919;4881;4843;4805;4767;4728;4689;4650;4636;4598;4561
"421510 Rodeio";11011;11058;11105;11154;11203;11252;11301;11352;11402;11452;11502;11551;11600
"421520 Romelândia";5840;5742;5644;5542;5524;5420;5316;5209;5102;4996;4890;4786;4684
"421530 Salete";7462;7477;7493;7509;7526;7542;7559;7576;7593;7609;7626;7642;7659
"421535 Saltinho";4080;4053;4027;4000;3972;3944;3917;3888;3860;3832;3808;3781;3754
"421540 Salto Veloso";4300;4337;4373;4411;4449;4487;4525;4564;4603;4642;4680;4718;4756
"421545 Sangão";10132;10354;10574;10803;11035;11266;11499;11738;11976;12211;12446;12678;12905
"421550 Santa Cecília";15851;15936;16021;16109;16198;16287;16377;16469;16561;16651;16741;16830;16918
"421555 Santa Helena";2467;2444;2422;2399;2375;2352;2328;2304;2280;2256;2247;2223;2200
"421560 Santa Rosa de Lima";2091;2096;2100;2105;2109;2114;2118;2123;2128;2133;2137;2142;2147
"421565 Santa Rosa do Sul";8151;8170;8189;8209;8228;8248;8268;8289;8309;8329;8338;8358;8378
"421567 Santa Terezinha";8941;8927;8914;8900;8886;8872;8858;8844;8829;8815;8801;8787;8773
"421568 Santa Terezinha do Progresso";3052;2998;2944;2888;2831;2774;2717;2658;2600;2542;2484;2428;2372
"421569 Santiago do Sul";1538;1514;1490;1465;1440;1414;1389;1363;1337;1311;1286;1260;1235
"421570 Santo Amaro da Imperatriz";19506;19832;20155;20492;20832;21172;21515;21865;22215;22560;22905;23245;23579
"421580 São Bento do Sul";74277;75170;76053;76974;77907;78837;79775;80735;81691;82637;83576;84507;85421
"421575 São Bernardino";2819;2770;2722;2672;2690;2641;2591;2539;2487;2437;2386;2336;2287
"421590 São Bonifácio";3104;3081;3058;3034;3010;2985;2961;2936;2911;2887;2862;2838;2814
"421600 São Carlos";10291;10378;10463;10552;10642;10732;10823;10916;11008;11099;11191;11281;11369
"421605 São Cristovão do Sul";5001;5049;5096;5145;5195;5245;5295;5347;5398;5448;5499;5549;5598
"421610 São Domingos";9673;9661;9650;9638;9530;9518;9506;9494;9481;9469;9457;9445;9434
"421620 São Francisco do Sul";41240;42241;43232;44265;45312;46355;47406;48483;49556;50616;51677;52721;53746
"421630 São João Batista";24449;25580;26700;27868;29050;30229;31418;32635;33847;35046;36244;37424;38583
"421635 São João do Itaperiú";3443;3468;3493;3519;3546;3572;3599;3626;3653;3680;3707;3733;3759
"421625 São João do Oeste";6096;6117;6137;6158;6180;6202;6223;6246;6268;6290;6359;6381;6402
"421640 São João do Sul";7085;7102;7119;7137;7155;7172;7190;7209;7227;7245;7280;7297;7315
"421650 São Joaquim";24865;25047;25227;25415;25605;25795;25986;26182;26377;26570;26763;26952;27139
"421660 São José";206334;209843;213317;216941;220608;224266;227953;231730;235490;239208;242927;246586;250181
"421670 São José do Cedro";13931;13922;13913;13904;13895;13885;13876;13866;13857;13848;13838;13829;13820
"421680 São José do Cerrito";9666;9546;9428;9305;9180;9056;8930;8802;8674;8547;8421;8295;8173
"421690 São Lourenço do Oeste";21739;21949;22157;22374;22525;22743;22963;23188;23414;23635;23857;24076;24291
"421700 São Ludgero";10709;10944;11177;11420;11665;11910;12157;12410;12662;12911;13165;13410;13650
"421710 São Martinho";3280;3272;3263;3254;3245;3236;3226;3217;3208;3198;3189;3180;3171
"421715 São Miguel da Boa Vista";1961;1949;1936;1923;1909;1896;1883;1869;1855;1842;1833;1820;1807
"421720 São Miguel do Oeste";36165;36541;36914;37303;37696;38088;38484;38889;39292;39691;40090;40482;40868
"421725 São Pedro de Alcântara";4565;4674;4783;4896;5011;5125;5241;5359;5476;5592;5709;5823;5935
"421730 Saudades";9041;9104;9167;9233;9299;9365;9432;9500;9568;9636;9679;9745;9810
"421740 Schroeder";14356;14967;15572;16203;16842;17479;18121;18778;19433;20080;20728;21365;21991
"421750 Seara";17153;17186;17220;17255;17290;17326;17361;17398;17434;17470;17506;17541;17576
"421755 Serra Alta";3354;3347;3340;3333;3326;3319;3312;3304;3297;3290;3270;3263;3256
"421760 Siderópolis";13050;13133;13216;13302;13389;13476;13564;13654;13743;13831;13920;14007;14092
"421770 Sombrio";26363;26713;27059;27420;27786;28150;28518;28894;29269;29639;30010;30374;30733
"421775 Sul Brasil";2886;2849;2812;2774;2735;2696;2657;2617;2577;2537;2500;2461;2423
"421780 Taió";17371;17461;17549;17641;17734;17827;17921;18017;18113;18207;18302;18395;18486
"421790 Tangará";8847;8833;8819;8804;8781;8766;8751;8736;8721;8706;8691;8676;8662
"421795 Tigrinhos";1813;1799;1786;1772;1758;1744;1730;1715;1701;1686;1646;1633;1619
"421800 Tijucas";30024;30755;31478;32233;32996;33758;34526;35313;36096;36870;37645;38407;39155
"421810 Timbé do Sul";5407;5402;5397;5392;5386;5381;5376;5370;5365;5359;5354;5348;5343
"421820 Timbó";35953;36675;37390;38136;38891;39643;40402;41180;41954;42719;43484;44238;44977
"421825 Timbó Grande";7163;7225;7287;7351;7416;7481;7547;7614;7680;7746;7812;7877;7941
"421830 Três Barras";18256;18345;18433;18525;18618;18710;18803;18899;18994;19088;19183;19275;19366
"421835 Treviso";3514;3550;3586;3623;3661;3699;3737;3776;3814;3853;3891;3929;3966
"421840 Treze de Maio";6968;6980;6991;7003;7015;7026;7038;7050;7063;7075;7070;7081;7093
"421850 Treze Tílias";6155;6302;6447;6599;6752;6905;7060;7218;7375;7531;7687;7840;7991
"421860 Trombudo Central";6520;6592;6663;6737;6812;6887;6963;7040;7117;7193;7284;7360;7434
"421870 Tubarão";97434;98152;98863;99605;100355;101104;101858;102631;103401;104161;104937;105686;106422
"421875 Tunápolis";4746;4729;4711;4693;4674;4656;4637;4618;4599;4580;4561;4543;4525
"421880 Turvo";11874;11964;12052;12144;12237;12330;12424;12520;12616;12710;12806;12899;12990
"421885 União do Oeste";3060;3009;2959;2907;2854;2801;2748;2694;2640;2586;2517;2464;2412
"421890 Urubici";10803;10841;10878;10917;10956;10995;11035;11075;11116;11156;11195;11235;11273
"421895 Urupema";2536;2530;2524;2518;2511;2505;2498;2491;2485;2478;2472;2465;2459
"421900 Urussanga";20414;20488;20562;20639;20717;20794;20873;20953;21032;21111;21190;21268;21344
"421910 Vargeão";3595;3593;3591;3589;3587;3585;3583;3581;3579;3577;3575;3573;3571
"421915 Vargem";2943;2899;2855;2810;2764;2718;2671;2624;2577;2530;2522;2477;2432
"421917 Vargem Bonita";4953;4913;4873;4832;4790;4748;4705;4662;4619;4577;4534;4492;4451
"421920 Vidal Ramos";6412;6403;6395;6386;6377;6369;6360;6351;6341;6333;6347;6338;6329
"421930 Videira";46920;47451;47978;48527;49113;49669;50227;50800;51371;51934;52510;53065;53610
"421935 Vitor Meireles";5364;5329;5294;5258;5221;5185;5148;5110;5072;5035;5014;4979;4943
"421940 Witmarsum";3595;3628;3660;3694;3728;3762;3796;3832;3867;3901;3932;3965;3998
"421950 Xanxerê";43584;44229;44867;45533;46207;46879;47557;48251;48942;49625;50309;50982;51642
"421960 Xavantina";4269;4240;4211;4181;4150;4119;4089;4057;4026;3994;3963;3933;3903
"421970 Xaxim";25606;25876;26144;26423;26705;26987;27271;27562;27852;28138;28424;28706;28983
"421985 Zortéa";2973;3007;3041;3076;3112;3147;3183;3219;3256;3292;3328;3363;3398
"Total";6182665;6268299;6353055;6441468;6530943;6620186;6710154;6802306;6894058;6984749;7075494;7164788;7252502
 Fonte:
 
 2000 a 2020 – Estimativas preliminares elaboradas pelo Ministério da Saúde/SVS/DASNT/CGIAE

